2008-09-15,Algorithms,2
2008-10-14,Algorithms,2
2008-11-20,Algorithms,3
2008-12-05,Algorithms,1
2009-02-21,Algorithms,3
2009-03-23,Algorithms,2
2009-05-18,Algorithms,5
2009-06-12,Algorithms,3
2009-07-30,Algorithms,3
2009-08-29,Algorithms,5
2009-12-27,Algorithms,5
2010-02-21,Algorithms,9
2010-08-31,Algorithms,13
2010-10-29,Algorithms,7
2011-02-24,Algorithms,9
2011-12-30,Algorithms,16
2012-05-31,Algorithms,23
2014-09-22,Algorithms,21
2018-12-01,Algorithms,4
2009-01-26,Clustering,5
2009-04-01,Clustering,7
2009-09-03,Clustering,2
2009-10-28,Clustering,7
2009-11-18,Clustering,7
2010-01-18,Clustering,15
2010-03-26,Clustering,14
2010-04-04,Clustering,15
2010-05-30,Clustering,17
2010-06-06,Clustering,14
2010-07-24,Clustering,11
2010-09-07,Clustering,7
2010-11-30,Clustering,22
2010-12-29,Clustering,11
2011-01-10,Clustering,17
2011-03-28,Clustering,21
2011-04-22,Clustering,25
2011-05-30,Clustering,10
2011-06-26,Clustering,17
2011-07-07,Clustering,15
2011-08-08,Clustering,14
2011-09-24,Clustering,27
2011-10-24,Clustering,21
2011-11-19,Clustering,21
2012-01-26,Clustering,37
2012-02-28,Clustering,26
2012-03-15,Clustering,18
2012-04-26,Clustering,30
2012-06-22,Clustering,20
2012-07-31,Clustering,24
2012-08-28,Clustering,27
2012-09-02,Clustering,26
2012-10-18,Clustering,20
2012-11-29,Clustering,26
2012-12-28,Clustering,25
2013-01-22,Clustering,24
2013-02-20,Clustering,20
2013-03-24,Clustering,28
2013-04-19,Clustering,27
2013-05-23,Clustering,30
2013-06-24,Clustering,31
2013-07-20,Clustering,26
2013-08-26,Clustering,27
2013-09-20,Clustering,25
2013-10-30,Clustering,26
2013-11-28,Clustering,23
2013-12-31,Clustering,29
2014-01-22,Clustering,23
2014-02-28,Clustering,32
2014-03-31,Clustering,37
2014-04-29,Clustering,30
2014-05-28,Clustering,22
2014-06-03,Clustering,25
2014-07-26,Clustering,17
2014-08-22,Clustering,20
2014-10-27,Clustering,27
2014-11-27,Clustering,24
2014-12-20,Clustering,29
2015-01-17,Clustering,23
2015-02-19,Clustering,25
2015-03-31,Clustering,30
2015-04-29,Clustering,35
2015-05-29,Clustering,33
2015-06-21,Clustering,35
2015-07-27,Clustering,33
2015-08-30,Clustering,37
2015-09-29,Clustering,23
2015-10-27,Clustering,35
2015-11-29,Clustering,27
2015-12-25,Clustering,32
2016-01-29,Clustering,40
2016-02-29,Clustering,55
2016-03-29,Clustering,51
2016-04-29,Clustering,41
2016-05-29,Clustering,54
2016-06-28,Clustering,43
2016-07-29,Clustering,44
2016-08-31,Clustering,32
2016-09-28,Clustering,29
2016-10-31,Clustering,47
2016-11-30,Clustering,42
2016-12-30,Clustering,49
2017-01-30,Clustering,54
2017-02-28,Clustering,55
2017-03-29,Clustering,53
2017-04-28,Clustering,45
2017-05-24,Clustering,55
2017-06-27,Clustering,64
2017-07-31,Clustering,77
2017-08-30,Clustering,63
2017-09-27,Clustering,50
2017-10-26,Clustering,43
2017-11-30,Clustering,35
2017-12-31,Clustering,32
2018-01-26,Clustering,34
2018-02-22,Clustering,33
2018-03-29,Clustering,82
2018-04-30,Clustering,61
2018-05-29,Clustering,71
2018-06-28,Clustering,48
2018-07-26,Clustering,56
2018-08-31,Clustering,33
2018-09-29,Clustering,39
2018-10-29,Clustering,56
2018-11-29,Clustering,93
2009-10-25,Classification,1
2010-01-27,Classification,1
2010-03-25,Classification,1
2010-05-03,Classification,1
2010-07-23,Classification,1
2010-10-05,Classification,1
2011-01-08,Classification,1
2011-02-04,Classification,1
2011-11-27,Classification,1
2012-01-25,Classification,2
2012-03-30,Classification,2
2012-04-30,Classification,2
2012-05-24,Classification,1
2012-06-02,Classification,1
2012-07-11,Classification,2
2012-08-31,Classification,3
2012-09-21,Classification,2
2012-10-24,Classification,1
2012-12-09,Classification,3
2013-01-08,Classification,2
2013-02-16,Classification,3
2013-03-27,Classification,3
2013-04-29,Classification,3
2013-06-21,Classification,1
2013-07-28,Classification,3
2013-08-29,Classification,6
2013-09-25,Classification,3
2013-10-24,Classification,4
2013-11-30,Classification,8
2013-12-13,Classification,3
2014-01-24,Classification,2
2014-02-25,Classification,5
2014-03-28,Classification,3
2014-04-28,Classification,3
2014-05-21,Classification,1
2014-06-17,Classification,3
2014-07-09,Classification,1
2014-08-27,Classification,4
2014-09-27,Classification,3
2014-10-29,Classification,5
2015-02-26,Classification,8
2015-04-28,Classification,8
2015-05-28,Classification,7
2015-06-30,Classification,8
2015-07-29,Classification,12
2015-09-29,Classification,4
2015-11-20,Classification,10
2014-12-06,Convolutional Neural Net,1
2015-01-30,Convolutional Neural Net,6
2015-03-18,Convolutional Neural Net,6
2015-08-30,Convolutional Neural Net,4
2015-10-06,Convolutional Neural Net,8
2015-12-13,Convolutional Neural Net,7
2016-01-27,Convolutional Neural Net,14
2016-02-19,Convolutional Neural Net,14
2016-03-27,Convolutional Neural Net,17
2016-04-28,Convolutional Neural Net,13
2016-05-26,Convolutional Neural Net,13
2016-06-22,Convolutional Neural Net,12
2016-07-28,Convolutional Neural Net,11
2016-08-23,Convolutional Neural Net,12
2016-09-26,Convolutional Neural Net,19
2016-10-27,Convolutional Neural Net,20
2016-11-29,Convolutional Neural Net,16
2016-12-27,Convolutional Neural Net,10
2017-01-31,Convolutional Neural Net,26
2017-02-28,Convolutional Neural Net,27
2017-03-29,Convolutional Neural Net,28
2017-04-25,Convolutional Neural Net,17
2017-05-29,Convolutional Neural Net,21
2017-06-29,Convolutional Neural Net,33
2017-07-29,Convolutional Neural Net,29
2017-08-31,Convolutional Neural Net,34
2017-09-30,Convolutional Neural Net,29
2017-10-31,Convolutional Neural Net,21
2017-11-28,Convolutional Neural Net,33
2017-12-30,Convolutional Neural Net,23
2018-01-31,Convolutional Neural Net,45
2018-02-28,Convolutional Neural Net,49
2018-03-31,Convolutional Neural Net,39
2018-04-29,Convolutional Neural Net,45
2018-05-31,Convolutional Neural Net,41
2018-06-29,Convolutional Neural Net,33
2018-07-31,Convolutional Neural Net,36
2018-08-31,Convolutional Neural Net,54
2018-09-30,Convolutional Neural Net,42
2018-10-31,Convolutional Neural Net,56
2018-11-30,Convolutional Neural Net,49
2009-07-18,Svm,1
2009-10-07,Svm,1
2009-12-24,Svm,1
2010-02-16,Svm,1
2010-03-19,Svm,2
2010-06-18,Svm,2
2010-08-24,Svm,2
2010-10-22,Svm,1
2010-11-18,Svm,1
2010-12-27,Svm,1
2011-01-07,Svm,1
2011-02-12,Svm,1
2011-03-01,Svm,1
2011-04-05,Svm,1
2011-05-14,Svm,1
2011-07-06,Svm,1
2011-08-24,Svm,1
2011-09-02,Svm,1
2011-10-10,Svm,2
2011-11-28,Svm,1
2011-12-29,Svm,2
2012-01-28,Svm,5
2012-02-28,Svm,4
2012-03-19,Svm,5
2012-04-16,Svm,2
2012-05-25,Svm,2
2012-06-27,Svm,7
2012-07-16,Svm,1
2012-08-30,Svm,6
2012-09-26,Svm,6
2012-10-31,Svm,3
2012-11-23,Svm,4
2012-12-24,Svm,6
2013-01-24,Svm,2
2013-02-27,Svm,4
2013-03-30,Svm,5
2013-04-26,Svm,7
2013-05-30,Svm,4
2013-06-25,Svm,4
2013-07-28,Svm,4
2013-08-29,Svm,3
2013-09-30,Svm,8
2013-10-17,Svm,3
2013-11-28,Svm,5
2013-12-31,Svm,17
2014-01-31,Svm,10
2014-02-28,Svm,10
2014-03-29,Svm,8
2014-04-28,Svm,10
2014-05-28,Svm,5
2014-06-28,Svm,3
2014-07-27,Svm,5
2014-08-20,Svm,4
2014-09-30,Svm,4
2014-10-21,Svm,2
2014-11-20,Svm,6
2014-12-28,Svm,6
2015-01-27,Svm,7
2015-02-17,Svm,4
2015-03-27,Svm,2
2015-04-08,Svm,2
2015-05-28,Svm,5
2015-06-21,Svm,3
2015-07-27,Svm,7
2015-08-26,Svm,3
2015-09-13,Svm,5
2015-10-30,Svm,7
2015-11-30,Svm,7
2015-12-27,Svm,7
2016-01-29,Svm,5
2016-02-28,Svm,11
2016-03-29,Svm,9
2016-04-29,Svm,3
2016-05-31,Svm,10
2016-06-23,Svm,8
2016-07-28,Svm,4
2016-08-24,Svm,3
2016-09-27,Svm,2
2016-10-23,Svm,4
2016-11-29,Svm,4
2016-12-20,Svm,1
2017-01-18,Svm,2
2017-02-15,Svm,3
2017-03-07,Svm,2
2017-04-23,Svm,4
2017-05-31,Svm,4
2017-06-18,Svm,4
2017-07-26,Svm,3
2017-08-26,Svm,5
2017-09-06,Svm,4
2017-10-18,Svm,3
2017-11-30,Svm,3
2017-12-08,Svm,1
2018-01-10,Svm,1
2018-02-25,Svm,3
2018-03-29,Svm,4
2018-04-23,Svm,7
2018-05-27,Svm,9
2018-06-22,Svm,5
2018-07-25,Svm,7
2018-08-31,Svm,4
2018-09-28,Svm,3
2018-10-30,Svm,3
2018-11-16,Svm,4
